match_id;player_idss;teamss;opponent;player;positionss;shirt_number;totalPassss;accuratePassss;totalLongBalls;accurateLongBalls;goalAssistss;accurateOwnHalfPasses;totalOwnHalfPasses;accurateOppositionHalfPasses;totalOppositionHalfPasses;ballRecovery;savedShotsFromInsideTheBox;penaltyFaced;savesss;totalKeeperSweeper;accurateKeeperSweeper;minutesPlayed;touches;rating;possessionLostCtrl;expectedAssists;totalBallCarriesDistance;ballCarriesCount;totalProgression;keeperSaveValue;totalShots;goalsPrevented;passValueNormalized;dribbleValueNormalized;defensiveValueNormalized;goalkeeperValueNormalized;totalCross;aerialLost;aerialWon;duelLost;duelWon;totalContest;shotOffTargetss;totalClearancess;outfielderBlock;interceptionWon;wasFouledss;foulsss;totalOffsidess;expectedGoals;bestBallCarryProgression;totalProgressiveBallCarriesDistance;progressiveBallCarriesCount;shotValueNormalized;challengeLost;totalTackless;wonTackless;unsuccessfulTouch;dispossessed;onTargetScoringAttempt;penaltyConceded;expectedGoalsOnTarget;keyPass;wonContest;accurateCross;bigChanceCreated;bigChanceMissed;goodHighClaim;blockedScoringAttempt;goalsss;penaltyWon;errorLeadToAShot;lastManTackle;hitWoodwork;errorLeadToAGoal;punches;ownGoals;penaltySave;penaltyMiss;league;season;match;match_slug;teamsw;player_idsw;name;short_name;match_name;positionsw;pos_side;formation_place;accuratePasssw;gameStarted;goalKicks;goalsConceded;minsPlayed;savessw;totalPasssw;formationPlace;foulssw;lostCorners;totalClearancesw;totalOffsidesw;totalTacklesw;totalThrows;wasFouledsw;wonTacklesw;yellowCard;shotOffTargetsw;totalScoringAtt;totalSubOff;blockedScoringAtt;wonCorners;cornerTaken;totalSubOn;cleanSheet;goalssw;ontargetScoringAtt;goalAssistsw;Venue
14083327;97951;Valencia;Real Madrid;Stole Dimitrievski;G;1;37.0;19.0;29.0;11.0;0.0;11.0;11.0;8.0;26.0;8.0;2.0;0.0;4.0;0.0;0.0;90.0;45.0;6.8;18.0;0.00231378;97.075296019418;13.0;76.127360121739;0.4279;0;-0.7043;0.05;0.02;-0.15;0.29;0.0;0.0;0.0;0.0;0.0;0.0;0.0;0.0;0.0;0.0;0.0;0.0;0.0;0.0;0.0;0.0;0.0;0.0;0.0;0.0;0.0;0.0;0.0;0.0;0.0;0.0;0.0;0.0;0.0;0.0;0.0;1.0;0.0;0.0;0.0;0.0;0.0;0.0;0.0;0.0;0.0;0.0;0.0;73;2526;2bl3hdm49yj3nhnvngy8p6qs4;val-rma;Valencia;5dfvefxvwj8kixbajluw25mtx;Stole Dimitrievski;Stole Dimitrievski;S. Dimitrievski;Goalkeeper;Centre;1;19;1;3;2;90;4;37;1;0;0;0;0;0;0;0;0;0;0;0;0;0;0;0;0;0;0;0;0;Home
14083327;892521;Valencia;Real Madrid;Unai Núñez;D;4;26.0;20.0;5.0;3.0;0.0;10.0;14.0;10.0;12.0;1.0;0.0;0.0;0.0;0.0;0.0;72.0;51.0;7.0;6.0;0.00435458;63.718687206713;7.0;16.824054842271;0.0;1;0.0;0.04;0.06;0.23;0.0;0.0;3.0;3.0;4.0;7.0;0.0;1.0;6.0;0.0;2.0;1.0;0.0;0.0;0.0204;0.0;0.0;0.0;-0.07;1.0;3.0;2.0;0.0;0.0;0.0;0.0;0.0;0.0;0.0;0.0;0.0;0.0;0.0;0.0;0.0;0.0;0.0;0.0;0.0;0.0;0.0;0.0;0.0;0.0;73;2526;2bl3hdm49yj3nhnvngy8p6qs4;val-rma;Valencia;e8s9ssopq5nmp51zymvqp8jbp;Unai Núñez Gestoso;Unai Núñez;Unai Núñez;Defender;Right;2;20;1;0;1;72;0;26;2;0;1;6;0;3;9;1;2;0;1;1;1;0;0;0;0;0;0;0;0;Home
14083327;814023;Valencia;Real Madrid;Eray Cömert;D;24;40.0;33.0;7.0;2.0;0.0;25.0;27.0;8.0;13.0;2.0;0.0;0.0;0.0;0.0;0.0;90.0;52.0;6.6;7.0;0.00276753;90.203973384768;15.0;17.48184011798;0.0;0;0.0;0.04;0.02;0.24;0.0;0.0;0.0;1.0;1.0;2.0;0.0;0.0;8.0;0.0;3.0;0.0;0.0;0.0;0.0;0.0;0.0;0.0;0.0;1.0;1.0;1.0;0.0;0.0;0.0;0.0;0.0;0.0;0.0;0.0;0.0;0.0;0.0;0.0;0.0;0.0;0.0;1.0;0.0;0.0;0.0;0.0;0.0;0.0;73;2526;2bl3hdm49yj3nhnvngy8p6qs4;val-rma;Valencia;5uig03vbbv71f0q31cp3vfbv9;Eray Ervin Cömert;Eray Cömert;E. Cömert;Defender;Centre/Right;5;33;1;0;2;90;0;40;5;0;1;8;0;1;0;0;1;0;0;0;0;0;0;0;0;0;0;0;0;Home
14083327;913695;Valencia;Real Madrid;José Copete;D;3;36.0;31.0;3.0;2.0;0.0;20.0;20.0;11.0;16.0;0.0;0.0;0.0;0.0;0.0;0.0;90.0;45.0;6.3;5.0;0.00261206;54.259497930251;9.0;22.42153378941;0.0;0;0.0;0.05;0.04;-0.28;0.0;0.0;0.0;0.0;2.0;1.0;1.0;0.0;5.0;0.0;2.0;0.0;1.0;0.0;0.0;0.0;0.0;0.0;0.0;1.0;0.0;0.0;0.0;0.0;0.0;0.0;0.0;0.0;1.0;0.0;0.0;0.0;0.0;0.0;0.0;0.0;0.0;0.0;0.0;0.0;0.0;0.0;0.0;0.0;73;2526;2bl3hdm49yj3nhnvngy8p6qs4;val-rma;Valencia;3n66mcws9belxbv3pu5uwhfu2;José Manuel Arias Copete;José Manuel Arias Copete;Copete;Defender;Left/Centre;6;31;1;3;2;90;0;36;6;1;1;5;0;0;0;0;0;1;0;0;0;0;0;0;0;0;0;0;0;Home
14083327;227922;Valencia;Real Madrid;José Luis Gayà;D;14;30.0;24.0;1.0;0.0;0.0;11.0;13.0;13.0;17.0;1.0;0.0;0.0;0.0;0.0;0.0;90.0;50.0;6.5;12.0;0.0250601;39.609294969575;8.0;25.397951641676;0.0;0;0.0;0.05;0.03;-0.3;0.0;3.0;0.0;0.0;3.0;5.0;1.0;0.0;2.0;0.0;0.0;1.0;1.0;1.0;0.0;0.0;0.0;0.0;0.0;1.0;4.0;2.0;1.0;0.0;0.0;0.0;0.0;0.0;0.0;0.0;0.0;0.0;0.0;0.0;0.0;0.0;0.0;0.0;0.0;0.0;0.0;0.0;0.0;0.0;73;2526;2bl3hdm49yj3nhnvngy8p6qs4;val-rma;Valencia;5b1q9bpe23j98eoy4fwi7ld5h;José Luis Gayà Peña;José Gayà;José Gayà;Defender;Left;3;24;1;0;2;90;0;30;3;1;3;2;1;4;7;1;2;0;0;0;0;0;0;0;0;0;0;0;0;Home
14083327;900433;Valencia;Real Madrid;Luis Rioja;M;11;24.0;19.0;2.0;1.0;0.0;6.0;8.0;13.0;16.0;5.0;0.0;0.0;0.0;0.0;0.0;81.0;45.0;6.5;19.0;0.0553575;128.65899123152;14.0;58.448101455923;0.0;1;0.0;0.03;0.19;0.17;0.0;9.0;1.0;1.0;4.0;2.0;2.0;0.0;2.0;0.0;0.0;0.0;0.0;0.0;0.025;18.35259458877;29.511346445054;1.0;-0.1;0.0;1.0;1.0;3.0;1.0;0.0;0.0;0.0;1.0;0.0;1.0;0.0;0.0;0.0;1.0;0.0;0.0;0.0;0.0;0.0;0.0;0.0;0.0;0.0;0.0;73;2526;2bl3hdm49yj3nhnvngy8p6qs4;val-rma;Valencia;6kc8ieszwg6u00e3sa554y7yt;Luis Jesús Rioja González;Luis Rioja;Luis Rioja;Midfielder;Right;7;19;1;0;1;81;0;24;7;0;0;2;0;1;2;0;1;0;0;1;1;1;1;4;0;0;0;0;0;Home
14083327;826948;Valencia;Real Madrid;Pepelu;M;18;35.0;28.0;1.0;0.0;0.0;19.0;20.0;9.0;15.0;7.0;0.0;0.0;0.0;0.0;0.0;72.0;48.0;6.9;8.0;0.0061596;121.35989429668;9.0;95.547966308816;0.0;1;0.0;-0.02;0.29;0.33;0.0;0.0;2.0;2.0;3.0;5.0;0.0;1.0;4.0;0.0;2.0;2.0;0.0;0.0;0.0289;52.809098280253;53.197775150846;1.0;-0.14;0.0;1.0;0.0;0.0;1.0;0.0;0.0;0.0;1.0;0.0;0.0;0.0;0.0;0.0;0.0;0.0;0.0;0.0;0.0;0.0;0.0;0.0;0.0;0.0;0.0;73;2526;2bl3hdm49yj3nhnvngy8p6qs4;val-rma;Valencia;3702btkgwxf6tq92ouekd7ro5;José Luis García Vayá;José Luis García Vayá;Pepelu;Midfielder;Centre/Right;4;28;1;0;1;72;0;35;4;0;0;4;0;1;0;2;0;0;1;1;1;0;0;0;0;0;0;0;0;Home
14083327;857482;Valencia;Real Madrid;Filip Ugrinić;M;23;34.0;29.0;1.0;0.0;0.0;14.0;16.0;15.0;18.0;3.0;0.0;0.0;0.0;0.0;0.0;81.0;46.0;6.7;9.0;0.0753776;81.707489512921;11.0;8.6227694931957;0.0;0;0.0;0.12;0.04;0.15;0.0;2.0;0.0;0.0;3.0;3.0;0.0;0.0;1.0;0.0;0.0;2.0;0.0;0.0;0.0;0.0;0.0;0.0;0.0;0.0;1.0;1.0;0.0;3.0;0.0;0.0;0.0;1.0;0.0;1.0;0.0;0.0;0.0;0.0;0.0;0.0;0.0;0.0;0.0;0.0;0.0;0.0;0.0;0.0;73;2526;2bl3hdm49yj3nhnvngy8p6qs4;val-rma;Valencia;94md3wf5xab5mnj5niiwq33zd;Filip Ugrinic;Filip Ugrinic;F. Ugrinic;Midfielder;Left/Centre;8;29;1;0;1;81;0;34;8;0;0;1;0;1;0;2;1;0;0;0;1;0;0;1;0;0;0;0;0;Home
14083327;827064;Valencia;Real Madrid;Arnaut Danjuma;M;7;19.0;14.0;0.0;0.0;0.0;2.0;2.0;12.0;17.0;2.0;0.0;0.0;0.0;0.0;0.0;90.0;32.0;6.4;13.0;0.0394319;220.8620542766;16.0;81.975592209373;0.0;1;0.0;-0.19;0.43;-0.09;0.0;4.0;0.0;0.0;3.0;1.0;2.0;0.0;1.0;0.0;0.0;0.0;0.0;0.0;0.0721;23.253507501618;83.966124235391;4.0;-0.1;0.0;1.0;1.0;1.0;1.0;0.0;0.0;0.0;1.0;0.0;1.0;0.0;0.0;0.0;1.0;0.0;0.0;0.0;0.0;0.0;0.0;0.0;0.0;0.0;0.0;73;2526;2bl3hdm49yj3nhnvngy8p6qs4;val-rma;Valencia;4rktv6j9sioe0gmu7jt77fsh5;Arnaut Danjuma Adam Groeneveld;Arnaut Danjuma;A. Danjuma;Midfielder;Left;11;14;1;0;2;90;0;19;11;0;1;1;0;1;0;0;1;0;0;1;0;1;3;0;0;0;0;0;0;Home
14083327;962029;Valencia;Real Madrid;Lucas Beltrán;F;15;24.0;21.0;1.0;1.0;0.0;6.0;8.0;15.0;16.0;6.0;0.0;0.0;0.0;0.0;0.0;82.0;49.0;6.7;9.0;0.105366;116.32574154577;9.0;38.776103901801;0.0;2;0.0;0.26;0.13;0.14;0.0;1.0;2.0;0.0;11.0;8.0;3.0;2.0;2.0;0.0;1.0;4.0;5.0;0.0;0.2662;13.612230430932;21.358706796059;1.0;-0.51;1.0;3.0;2.0;2.0;2.0;0.0;0.0;0.0;1.0;1.0;1.0;0.0;0.0;0.0;0.0;0.0;0.0;0.0;0.0;1.0;0.0;0.0;0.0;0.0;0.0;73;2526;2bl3hdm49yj3nhnvngy8p6qs4;val-rma;Valencia;a6ud2u88utl6khwf0c4qbdox6;Lucas Ezequiel Beltrán;Lucas Beltrán;L. Beltrán;Striker;Centre/Right;10;21;1;0;1;82;0;24;10;5;0;2;0;3;0;4;2;0;2;2;1;0;1;0;0;0;0;0;0;Home
14083327;909119;Valencia;Real Madrid;Hugo Duro;F;9;10.0;9.0;0.0;0.0;0.0;4.0;4.0;5.0;6.0;1.0;0.0;0.0;0.0;0.0;0.0;90.0;18.0;6.4;3.0;0.00168396;22.789421817075;4.0;4.7899918019375;0.0;0;0.0;0.0;0.27;0.23;0.0;0.0;7.0;2.0;8.0;3.0;0.0;0.0;1.0;1.0;0.0;1.0;1.0;0.0;0.0;2.6291725181944;4.2090421713259;1.0;0.0;0.0;0.0;0.0;1.0;1.0;0.0;0.0;0.0;0.0;0.0;0.0;0.0;0.0;0.0;0.0;0.0;0.0;0.0;0.0;0.0;0.0;0.0;0.0;0.0;0.0;73;2526;2bl3hdm49yj3nhnvngy8p6qs4;val-rma;Valencia;7yieh5r0uzk6d6x9o060c2bfu;Hugo Duro Perales;Hugo Duro;Hugo Duro;Striker;Left/Centre;9;9;1;0;2;90;0;10;9;1;1;1;0;0;1;1;0;0;0;0;0;0;0;0;0;0;0;0;0;Home
14083327;851282;Valencia;Real Madrid;Thierry Correia;D;12;10.0;7.0;1.0;0.0;0.0;2.0;3.0;5.0;7.0;2.0;0.0;0.0;0.0;0.0;0.0;18.0;17.0;6.5;5.0;0.0573462;74.793939615409;6.0;42.792647194889;0.0;0;0.0;0.08;0.05;-0.15;0.0;2.0;0.0;0.0;0.0;2.0;0.0;0.0;1.0;0.0;0.0;1.0;0.0;0.0;0.0;22.718693851208;29.266017221344;1.0;0.0;0.0;1.0;1.0;0.0;0.0;0.0;0.0;0.0;0.0;0.0;0.0;0.0;0.0;0.0;0.0;0.0;0.0;0.0;0.0;0.0;0.0;0.0;0.0;0.0;0.0;73;2526;2bl3hdm49yj3nhnvngy8p6qs4;val-rma;Valencia;8vmrboswsfyb5bfoq07s6susp;Thierry Rendall Correia;Thierry Rendall Correia;Thierry Correia;Substitute;Defender;0;7;0;0;1;18;0;10;0;0;0;1;0;1;2;1;1;0;0;0;0;0;0;0;1;0;0;0;0;Home
14083327;609752;Valencia;Real Madrid;Guido Rodríguez;M;2;21.0;19.0;2.0;1.0;0.0;7.0;7.0;12.0;14.0;0.0;0.0;0.0;0.0;0.0;0.0;18.0;26.0;6.7;2.0;0.00520794;98.827322795045;10.0;35.912865328866;0.0;1;0.0;-0.03;0.07;-0.05;0.0;0.0;1.0;1.0;1.0;4.0;0.0;1.0;0.0;0.0;0.0;1.0;0.0;0.0;0.0281;15.233113053363;21.022149842488;1.0;-0.14;0.0;2.0;1.0;0.0;0.0;0.0;0.0;0.0;0.0;0.0;0.0;0.0;0.0;0.0;0.0;0.0;0.0;0.0;0.0;0.0;0.0;0.0;0.0;0.0;0.0;73;2526;2bl3hdm49yj3nhnvngy8p6qs4;val-rma;Valencia;73efpm314q2paeacsvp4e8q8l;Guido Rodríguez;Guido Rodríguez;G. Rodríguez;Substitute;Midfielder;0;19;0;0;1;18;0;21;0;0;0;0;0;2;0;1;1;0;1;1;0;0;0;0;1;0;0;0;0;Home
14083327;1122610;Valencia;Real Madrid;Javier Guerra;M;8;6.0;5.0;0.0;0.0;0.0;4.0;4.0;1.0;2.0;2.0;0.0;0.0;0.0;0.0;0.0;9.0;6.0;6.6;1.0;0.0177457;44.495605647662;2.0;39.319156314811;0.0;0;0.0;0.12;0.08;-0.06;0.0;0.0;0.0;0.0;0.0;0.0;0.0;0.0;0.0;0.0;0.0;0.0;0.0;0.0;0.0;39.961474291602;39.963603441131;1.0;0.0;0.0;0.0;0.0;0.0;0.0;0.0;0.0;0.0;0.0;0.0;0.0;0.0;0.0;0.0;0.0;0.0;0.0;0.0;0.0;0.0;0.0;0.0;0.0;0.0;0.0;73;2526;2bl3hdm49yj3nhnvngy8p6qs4;val-rma;Valencia;aqqd7tq7z6bj3wn3u3sz3uuqc;Javier Guerra Moreno;Javi Guerra;Javi Guerra;Substitute;Midfielder;0;5;0;0;1;9;0;6;0;0;0;0;0;0;0;0;0;0;0;0;0;0;0;0;1;0;0;0;0;Home
14083327;909966;Valencia;Real Madrid;Largie Ramazani;F;17;4.0;3.0;0.0;0.0;0.0;3.0;4.0;0.0;0.0;1.0;0.0;0.0;0.0;0.0;0.0;9.0;7.0;6.4;3.0;3.205e-05;0.0;0.0;0.0;0.0;0;0.0;0.0;0.0;0.14;0.0;0.0;0.0;0.0;1.0;0.0;0.0;0.0;0.0;0.0;0.0;0.0;0.0;0.0;0.0;0.0;0.0;0.0;0.0;0.0;0.0;0.0;1.0;1.0;0.0;0.0;0.0;0.0;0.0;0.0;0.0;0.0;0.0;0.0;0.0;0.0;0.0;0.0;0.0;0.0;0.0;0.0;0.0;0.0;73;2526;2bl3hdm49yj3nhnvngy8p6qs4;val-rma;Valencia;blvf8qsi6iy6ejyer58okyxka;Largie Ramazani;Largie Ramazani;L. Ramazani;Substitute;Attacker;0;3;0;0;1;9;0;4;0;0;0;0;0;0;0;0;0;0;0;0;0;0;0;0;1;0;0;0;0;Home
14083327;754710;Valencia;Real Madrid;Umar Sadiq;F;6;3.0;2.0;0.0;0.0;0.0;0.0;0.0;2.0;3.0;0.0;0.0;0.0;0.0;0.0;0.0;8.0;4.0;6.4;1.0;0.0108194;7.8761462493655;2.0;-2.8392773348171;0.0;0;0.0;-0.06;-0.06;-0.01;0.0;0.0;0.0;1.0;2.0;1.0;0.0;0.0;0.0;0.0;0.0;0.0;2.0;0.0;0.0;0.0;0.0;0.0;0.0;0.0;0.0;0.0;0.0;0.0;0.0;0.0;0.0;1.0;0.0;0.0;0.0;0.0;0.0;0.0;0.0;0.0;0.0;0.0;0.0;0.0;0.0;0.0;0.0;0.0;73;2526;2bl3hdm49yj3nhnvngy8p6qs4;val-rma;Valencia;dtvmsnqlzn5672xb54zj8u7dh;Umar Sadiq Mesbah;Umar Sadiq;U. Sadiq;Substitute;Attacker;0;2;0;0;1;8;0;3;0;2;0;0;0;0;0;0;0;0;0;0;0;0;0;0;1;0;0;0;0;Home
14083327;70988;Real Madrid;Valencia;Thibaut Courtois;G;1;21.0;13.0;10.0;2.0;0.0;12.0;12.0;1.0;9.0;3.0;0.0;0.0;0.0;0.0;0.0;90.0;22.0;6.5;8.0;0.00031814;16.881873513104;3.0;5.8254693615141;0.0;0;0.0;0.04;0.0;0.15;0.0;0.0;0.0;0.0;0.0;0.0;0.0;0.0;0.0;0.0;0.0;0.0;0.0;0.0;0.0;0.0;0.0;0.0;0.0;0.0;0.0;0.0;0.0;0.0;0.0;0.0;0.0;0.0;0.0;0.0;0.0;0.0;0.0;0.0;0.0;0.0;0.0;0.0;0.0;0.0;0.0;0.0;0.0;0.0;73;2526;2bl3hdm49yj3nhnvngy8p6qs4;val-rma;Real Madrid;6crmq7vzqts58wg196q48sc7p;Thibaut Nicolas Marc Courtois;Thibaut Courtois;T. Courtois;Goalkeeper;Centre;1;13;1;5;0;90;0;21;1;0;0;0;0;0;0;0;0;0;0;0;0;0;0;0;0;1;0;0;0;Away
14083327;1142689;Real Madrid;Valencia;David Jiménez;D;35;35.0;34.0;0.0;0.0;0.0;13.0;14.0;21.0;21.0;3.0;0.0;0.0;0.0;0.0;0.0;76.0;47.0;6.7;6.0;0.0207777;14.631764269935;3.0;6.564101307255;0.0;1;0.0;-0.1;0.01;0.21;0.0;3.0;0.0;0.0;1.0;1.0;0.0;0.0;1.0;0.0;0.0;0.0;0.0;0.0;0.1079;0.0;0.0;0.0;-0.44;0.0;1.0;1.0;1.0;1.0;1.0;0.0;0.1274;0.0;0.0;0.0;0.0;1.0;0.0;0.0;0.0;0.0;0.0;0.0;0.0;0.0;0.0;0.0;0.0;0.0;73;2526;2bl3hdm49yj3nhnvngy8p6qs4;val-rma;Real Madrid;9650u1owvf264fwnuzc0zlfro;David Jiménez Corredor;David Jiménez;David Jiménez;Defender;Right;2;34;1;0;0;76;0;35;2;0;1;1;0;1;3;0;1;0;0;1;1;0;1;0;0;0;0;1;0;Away
14083327;1156645;Real Madrid;Valencia;Raúl Asencio;D;17;55.0;52.0;3.0;1.0;0.0;28.0;29.0;24.0;26.0;3.0;0.0;0.0;0.0;0.0;0.0;90.0;64.0;7.2;4.0;0.00831586;101.88145909483;16.0;75.628521377736;0.0;0;0.0;0.16;0.09;-0.04;0.0;0.0;0.0;3.0;0.0;5.0;0.0;0.0;4.0;1.0;0.0;1.0;0.0;0.0;0.0;16.319402374681;16.385995270352;1.0;0.0;0.0;1.0;1.0;1.0;0.0;0.0;0.0;0.0;0.0;0.0;0.0;0.0;0.0;0.0;0.0;0.0;0.0;1.0;0.0;0.0;0.0;0.0;0.0;0.0;0.0;73;2526;2bl3hdm49yj3nhnvngy8p6qs4;val-rma;Real Madrid;atj6u4qul0o2ca57etbmes07o;Raúl Asencio del Rosario;Raúl Asencio;Raúl Asencio;Defender;Centre/Right;5;52;1;1;0;90;0;55;5;0;1;4;0;1;0;1;1;0;0;0;0;0;0;0;0;1;0;0;0;Away
14083327;1176744;Real Madrid;Valencia;Dean Huijsen;D;24;66.0;60.0;6.0;4.0;1.0;22.0;25.0;38.0;41.0;2.0;0.0;0.0;0.0;0.0;0.0;90.0;82.0;7.9;7.0;0.0140307;234.73114657879;30.0;119.16431007564;0.0;0;0.0;0.32;0.21;0.46;0.0;0.0;4.0;4.0;7.0;6.0;0.0;0.0;9.0;0.0;0.0;1.0;1.0;0.0;0.0;0.0;0.0;0.0;0.0;1.0;1.0;1.0;0.0;1.0;0.0;0.0;0.0;1.0;0.0;0.0;0.0;0.0;0.0;0.0;0.0;0.0;0.0;0.0;0.0;0.0;0.0;0.0;0.0;0.0;73;2526;2bl3hdm49yj3nhnvngy8p6qs4;val-rma;Real Madrid;d2hnxi1yi5rgqj1tvxh1813x0;Dean Donny Huijsen Wijsmuller;Dean Huijsen;Dean Huijsen;Defender;Left/Centre;6;60;1;1;0;90;0;66;6;1;0;9;0;1;0;1;1;0;0;0;0;0;0;0;0;1;0;0;1;Away
14083327;1085081;Real Madrid;Valencia;Álvaro Carreras;D;18;51.0;44.0;2.0;0.0;0.0;9.0;12.0;35.0;39.0;5.0;0.0;0.0;0.0;0.0;0.0;90.0;75.0;7.9;9.0;0.0636208;153.47513530474;17.0;62.203109714941;0.0;1;0.0;-0.01;0.15;0.22;0.0;1.0;2.0;2.0;5.0;5.0;2.0;0.0;4.0;0.0;1.0;0.0;3.0;0.0;0.084;20.4941701402;21.13302063123;1.0;0.53;0.0;1.0;1.0;1.0;0.0;1.0;0.0;0.6264;0.0;2.0;0.0;0.0;0.0;0.0;0.0;1.0;0.0;0.0;0.0;0.0;0.0;0.0;0.0;0.0;0.0;73;2526;2bl3hdm49yj3nhnvngy8p6qs4;val-rma;Real Madrid;a4kw8u4dqsslfwe1ux08lbmc;Álvaro Fernández Carreras;Álvaro Carreras;Álvaro Carreras;Defender;Left;3;44;1;0;0;90;0;51;3;3;0;4;0;1;9;0;1;1;0;1;0;0;1;0;0;1;1;1;0;Away
14083327;1091116;Real Madrid;Valencia;Arda Güler;M;15;57.0;52.0;3.0;2.0;0.0;9.0;10.0;43.0;47.0;8.0;0.0;0.0;0.0;0.0;0.0;82.0;73.0;6.8;16.0;0.0838791;225.34349459433;29.0;120.61816742538;0.0;1;0.0;-0.3;0.35;0.19;0.0;9.0;0.0;0.0;3.0;4.0;1.0;0.0;0.0;0.0;0.0;2.0;2.0;0.0;0.045;25.931944806131;58.538773658532;3.0;-0.1;0.0;2.0;1.0;1.0;0.0;0.0;0.0;0.0;0.0;0.0;0.0;0.0;0.0;0.0;1.0;0.0;0.0;0.0;0.0;0.0;0.0;0.0;0.0;0.0;0.0;73;2526;2bl3hdm49yj3nhnvngy8p6qs4;val-rma;Real Madrid;39gif4xfy8xddarasbsad56ok;Arda Güler;Arda Güler;A. Güler;Midfielder;Right;7;52;1;0;0;82;0;57;7;2;0;0;0;2;0;2;1;0;0;1;1;1;1;8;0;0;0;0;0;Away
14083327;831808;Real Madrid;Valencia;Federico Valverde;M;8;75.0;67.0;3.0;2.0;0.0;22.0;25.0;45.0;50.0;5.0;0.0;0.0;0.0;0.0;0.0;89.0;84.0;7.4;9.0;0.133019;138.81879972541;21.0;54.886026673793;0.0;2;0.0;0.22;0.28;0.61;0.0;0.0;1.0;0.0;2.0;3.0;1.0;1.0;2.0;0.0;0.0;0.0;0.0;0.0;0.0389;0.0;0.0;0.0;-0.07;0.0;2.0;0.0;0.0;1.0;1.0;0.0;0.0798;1.0;1.0;0.0;0.0;0.0;0.0;0.0;0.0;0.0;0.0;1.0;0.0;0.0;0.0;0.0;0.0;0.0;73;2526;2bl3hdm49yj3nhnvngy8p6qs4;val-rma;Real Madrid;1i9wi65k2foqwudeqiyih87hl;Federico Santiago Valverde Dipetta;Federico Valverde;F. Valverde;Midfielder;Centre/Right;4;67;1;0;0;89;0;75;4;0;0;2;0;2;0;0;0;0;1;2;1;0;2;0;0;1;0;1;0;Away
14083327;859025;Real Madrid;Valencia;Aurélien Tchouaméni;M;14;67.0;61.0;2.0;0.0;0.0;16.0;17.0;45.0;50.0;4.0;0.0;0.0;0.0;0.0;0.0;90.0;86.0;7.9;9.0;0.0738198;173.63900842597;21.0;83.553595231522;0.0;0;0.0;0.28;0.24;0.34;0.0;0.0;0.0;4.0;1.0;11.0;0.0;0.0;4.0;0.0;1.0;2.0;1.0;0.0;0.0;0.0;0.0;0.0;0.0;0.0;5.0;4.0;2.0;0.0;0.0;0.0;0.0;2.0;0.0;0.0;0.0;0.0;0.0;0.0;0.0;0.0;0.0;0.0;0.0;0.0;0.0;0.0;0.0;0.0;73;2526;2bl3hdm49yj3nhnvngy8p6qs4;val-rma;Real Madrid;aipyotc87m5bdvmvizd5n69k9;Aurélien Djani Tchouaméni;Aurélien Tchouaméni;A. Tchouaméni;Midfielder;Left/Centre;8;61;1;0;0;90;0;67;8;1;1;4;0;5;0;2;4;0;0;0;0;0;0;0;0;1;0;0;0;Away
14083327;973887;Real Madrid;Valencia;Eduardo Camavinga;M;6;55.0;52.0;3.0;3.0;0.0;21.0;21.0;31.0;34.0;3.0;0.0;0.0;0.0;0.0;0.0;90.0;73.0;7.2;6.0;0.0544349;127.77033643489;16.0;55.209510390432;0.0;1;0.0;0.07;0.2;0.36;0.0;0.0;0.0;1.0;6.0;6.0;0.0;1.0;2.0;1.0;1.0;1.0;3.0;0.0;0.0152;30.772484156953;31.595903595245;1.0;-0.07;0.0;4.0;3.0;0.0;3.0;0.0;0.0;0.0;1.0;0.0;0.0;0.0;0.0;0.0;0.0;0.0;0.0;0.0;0.0;0.0;0.0;0.0;0.0;0.0;0.0;73;2526;2bl3hdm49yj3nhnvngy8p6qs4;val-rma;Real Madrid;en2c7z1raqmcwee78297pbnu2;Eduardo Celmi Camavinga;Eduardo Camavinga;E. Camavinga;Midfielder;Left;11;52;1;0;0;90;0;55;11;3;2;2;0;4;1;1;3;0;1;1;0;0;1;0;0;1;0;0;0;Away
14083327;826643;Real Madrid;Valencia;Kylian Mbappé;F;10;35.0;27.0;1.0;1.0;0.0;3.0;4.0;24.0;31.0;1.0;0.0;0.0;0.0;0.0;0.0;90.0;57.0;6.9;21.0;0.130127;224.04615396842;20.0;144.66114164931;0.0;4;0.0;-0.66;0.35;-0.04;0.0;3.0;0.0;0.0;8.0;2.0;7.0;1.0;0.0;0.0;0.0;0.0;2.0;2.0;0.6343;43.679683230955;132.14539832719;5.0;0.53;0.0;0.0;0.0;3.0;1.0;3.0;0.0;0.4621;2.0;2.0;0.0;1.0;0.0;0.0;0.0;1.0;0.0;0.0;0.0;0.0;0.0;0.0;0.0;0.0;0.0;73;2526;2bl3hdm49yj3nhnvngy8p6qs4;val-rma;Real Madrid;5e9ilgrz3tzg9kd1gk3yvrahh;Kylian Mbappé Lottin;Kylian Mbappé;K. Mbappé;Striker;Centre/Right;10;27;1;0;0;90;0;35;10;2;0;0;2;0;0;0;0;0;1;4;0;0;1;0;0;1;1;3;0;Away
14083327;1402716;Real Madrid;Valencia;Gonzalo García;F;16;16.0;14.0;0.0;0.0;0.0;1.0;2.0;13.0;14.0;2.0;0.0;0.0;0.0;0.0;0.0;76.0;26.0;6.1;7.0;0.186799;32.570684837464;7.0;3.3078599061464;0.0;0;0.0;0.01;-0.5;0.15;0.0;0.0;3.0;2.0;7.0;2.0;2.0;0.0;1.0;0.0;0.0;0.0;1.0;0.0;0.0;0.0;0.0;0.0;0.0;0.0;0.0;0.0;1.0;1.0;0.0;0.0;0.0;1.0;0.0;0.0;0.0;0.0;0.0;0.0;0.0;0.0;0.0;0.0;0.0;0.0;0.0;0.0;0.0;0.0;73;2526;2bl3hdm49yj3nhnvngy8p6qs4;val-rma;Real Madrid;4o9d3hpjlicgce9gtbewyzhn8;Gonzalo García Torres;Gonzalo García;Gonzalo García;Striker;Left/Centre;9;14;1;0;0;76;0;16;9;1;0;1;0;0;0;0;0;0;0;0;1;0;1;0;0;0;0;0;0;Away
14083327;795064;Real Madrid;Valencia;Trent Alexander-Arnold;D;12;14.0;10.0;6.0;3.0;0.0;3.0;5.0;7.0;9.0;2.0;0.0;0.0;0.0;0.0;0.0;14.0;17.0;6.8;5.0;0.00513648;27.761258412345;5.0;-8.4772897133024;0.0;0;0.0;0.08;-0.19;0.13;0.0;0.0;0.0;0.0;0.0;0.0;0.0;0.0;0.0;0.0;0.0;0.0;0.0;0.0;0.0;0.0;0.0;0.0;0.0;0.0;0.0;0.0;0.0;0.0;0.0;0.0;0.0;0.0;0.0;0.0;0.0;0.0;0.0;0.0;0.0;0.0;0.0;0.0;0.0;0.0;0.0;0.0;0.0;0.0;73;2526;2bl3hdm49yj3nhnvngy8p6qs4;val-rma;Real Madrid;19z8jmren3eytg7fbuzqv73kl;Trent John Alexander-Arnold;Trent Alexander-Arnold;T. Alexander-Arnold;Substitute;Defender;0;10;0;0;0;14;0;14;0;0;0;0;0;0;3;0;0;0;0;0;0;0;0;0;1;0;0;0;0;Away
14083327;835485;Real Madrid;Valencia;Brahim Díaz;M;21;7.0;6.0;0.0;0.0;1.0;0.0;0.0;6.0;7.0;0.0;0.0;0.0;0.0;0.0;0.0;14.0;9.0;6.7;3.0;0.168358;50.656719027617;3.0;37.930487977409;0.0;0;0.0;-0.05;0.18;0.0;0.0;0.0;0.0;0.0;1.0;0.0;0.0;0.0;0.0;0.0;0.0;0.0;0.0;1.0;0.0;29.017462326144;42.363739828318;2.0;0.0;0.0;0.0;0.0;1.0;1.0;0.0;0.0;0.0;1.0;0.0;0.0;1.0;0.0;0.0;0.0;0.0;0.0;0.0;0.0;0.0;0.0;0.0;0.0;0.0;0.0;73;2526;2bl3hdm49yj3nhnvngy8p6qs4;val-rma;Real Madrid;3jln1gzc0859ymphvq83i0mp5;Brahim Abdelkader Díaz;Brahim Díaz;Brahim Díaz;Substitute;Midfielder;0;6;0;0;0;14;0;7;0;0;0;0;1;0;0;0;0;0;0;0;0;0;0;0;1;0;0;0;1;Away
14083327;1403559;Real Madrid;Valencia;Franco Mastantuono;F;30;3.0;3.0;0.0;0.0;0.0;0.0;0.0;3.0;3.0;0.0;0.0;0.0;0.0;0.0;0.0;8.0;7.0;6.4;1.0;0.0373445;0.0;0.0;0.0;0.0;1;0.0;-0.02;-0.06;-0.04;0.0;0.0;1.0;0.0;3.0;1.0;0.0;1.0;0.0;0.0;0.0;1.0;0.0;0.0;0.0309;0.0;0.0;0.0;-0.19;1.0;0.0;0.0;0.0;1.0;0.0;0.0;0.0;0.0;0.0;0.0;0.0;0.0;0.0;0.0;0.0;0.0;0.0;0.0;0.0;0.0;0.0;0.0;0.0;0.0;73;2526;2bl3hdm49yj3nhnvngy8p6qs4;val-rma;Real Madrid;1fkntyd2z8e169yh98k0zst90;Franco Martín Mastantuono;Franco Mastantuono;F. Mastantuono;Substitute;Attacker;0;3;0;0;0;8;0;3;0;0;0;0;0;0;0;1;0;0;1;1;0;0;0;0;1;0;0;0;0;Away
14083327;1590121;Real Madrid;Valencia;Jorge Cestero;M;28;1.0;0.0;0.0;0.0;0.0;0.0;0.0;0.0;1.0;0.0;0.0;0.0;0.0;0.0;0.0;1.0;1.0;0.0;1.0;0.0;0.0;0.0;0.0;0.0;0;0.0;0.0;0.0;0.0;0.0;0.0;0.0;0.0;0.0;0.0;0.0;0.0;0.0;0.0;0.0;0.0;0.0;0.0;0.0;0.0;0.0;0.0;0.0;0.0;0.0;0.0;0.0;0.0;0.0;0.0;0.0;0.0;0.0;0.0;0.0;0.0;0.0;0.0;0.0;0.0;0.0;0.0;0.0;0.0;0.0;0.0;0.0;0.0;73;2526;2bl3hdm49yj3nhnvngy8p6qs4;val-rma;Real Madrid;ecmpznived7xp45o7bm96csno;Jorge Cestero Sancho;Jorge Cestero;Cestero;Substitute;Midfielder;0;0;0;0;0;1;0;1;0;0;0;0;0;0;0;0;0;0;0;0;0;0;0;0;1;0;0;0;0;Away
